10.0279,2,2021-12-21T19:50:52.160+01:00,2511,6.84,1
50.0654,65,2021-10-29T13:40:39.233+02:00,200,249.19,3
40.0105,50,2021-06-12T10:29:57.501+02:00,2134,-32.01,2
40.0160,79,2021-12-29T15:40:32.849+01:00,6445,1.39,2
40.0139,50,2021-10-07T19:20:17.932+02:00,7987,-5.34,2
40.0139,50,2021-09-28T13:18:26.443+02:00,7487,0,1
40.0139,50,2021-09-29T17:09:30.143+02:00,7565,4.02,2
40.0139,50,2021-10-06T11:31:36.629+02:00,7905,1.73,1
40.0139,50,2021-10-22T12:57:40.829+02:00,8792,-15.87,2
40.0139,3,2021-12-30T18:45:27.458+01:00,9119,18.82,3
10.1207,1,2021-11-13T12:41:05.127+01:00,7395,23.17,1
50.0633,93,2021-12-29T11:57:42.969+01:00,9060,224.56,1
40.0105,3,2021-11-17T16:37:05.952+01:00,9388,169.66,1
40.0254,96,2021-12-30T15:32:19.915+01:00,4845,36.18,1
40.0287,50,2021-11-05T11:47:12.488+01:00,2697,-0.43,2
50.0633,65,2021-12-29T15:07:03.662+01:00,5934,179.1,1
30.1853,2,2021-12-29T18:11:44.016+01:00,8876,20.57,4
50.0669,94,2021-11-12T20:59:53.847+01:00,6493,91.11,1
50.0660,63,2021-12-31T13:54:51.984+01:00,8500,48.29,1
40.0254,90,2021-12-06T15:11:47.352+01:00,863,38.59,2
40.0160,50,2021-10-23T11:11:20.937+02:00,7518,-6,1
50.0639,96,2021-12-03T14:54:59.418+01:00,1888,39.53,1
30.1797,1,2021-12-27T17:26:37.952+01:00,7256,35.13,1
50.0626,93,2021-12-28T18:20:35.393+01:00,1187,90.34,1
10.0095,1,2021-12-19T16:23:29.427+01:00,4154,2.58,1
30.1722,3,2021-12-17T19:56:53.934+01:00,1056,19.5,1
30.0714,79,2021-11-14T09:26:33.225+01:00,99,17.98,4
30.0572,65,2021-12-07T13:27:03.578+01:00,9171,26.09,1
70.0704,61,2021-11-08T17:34:06.439+01:00,9547,24.68,1
30.0708,1,2021-12-28T14:34:24.024+01:00,8186,150.23,1
50.0659,65,2021-12-11T12:55:12.631+01:00,2166,189.15,1
40.0148,3,2021-08-18T16:02:39.367+02:00,2456,71.34,6
30.1848,1,2021-12-31T08:29:48.686+01:00,7828,36.85,1
40.0157,3,2021-12-22T13:36:35.029+01:00,7013,65.41,1
10.0019,1,2021-10-27T19:39:15.237+02:00,313,64.52,1
50.0612,95,2021-12-29T11:33:54.678+01:00,9034,62.72,1
30.0085,1,2021-12-06T13:07:42.216+01:00,3387,17.3,1
40.0117,67,2021-12-11T08:55:02.960+01:00,314,18.32,1
50.0640,96,2021-12-08T14:15:18.792+01:00,5834,103.28,1
50.0667,96,2021-12-31T14:22:26.014+01:00,2158,52.56,1
10.0571,99,2021-11-18T16:06:57.091+01:00,427,6.2,1
10.0049,2,2021-10-26T18:41:54.168+02:00,1462,5.33,1
40.0239,65,2021-12-28T11:39:11.948+01:00,1076,64.48,1
50.0647,31,2021-10-19T13:17:49.091+02:00,628,19.68,2
50.0612,91,2021-12-18T12:20:15.065+01:00,9487,308.55,1
10.0279,2,2021-04-16T19:16:21.739+02:00,4881,9.32,3
50.0668,95,2021-12-28T15:41:07.155+01:00,957,132.48,1
50.0660,65,2021-11-30T13:49:30.609+01:00,6874,66.76,1
30.0419,3,2021-12-15T11:57:17.365+01:00,3969,53.34,1
30.0572,65,2021-11-24T09:59:54.131+01:00,7942,18.41,1
50.0660,61,2021-12-31T09:55:16.906+01:00,6075,115.98,1
30.0419,61,2021-11-18T12:36:49.841+01:00,23,40.68,1
40.0157,50,2021-12-27T17:40:06.241+01:00,2907,3.99,2
30.0378,5,2021-11-20T12:02:40.114+01:00,2667,5.6,2
40.0239,65,2021-12-27T14:42:46.632+01:00,926,92.51,1
40.0160,3,2021-08-16T12:48:42.418+02:00,2436,51.31,1
40.0169,3,2021-12-30T19:41:10.701+01:00,9587,45.35,1
50.0617,96,2021-02-20T14:00:38.571+01:00,6768,27.56,1
40.0160,50,2021-12-06T16:41:21.934+01:00,9422,-9.95,1
50.0660,67,2021-12-28T15:36:40.539+01:00,4218,224.68,3
40.0105,50,2021-10-29T08:43:40.926+02:00,1539,-4.9,1
10.0049,2,2021-12-26T12:44:27.440+01:00,13,31.07,1
90.4005,38,2021-12-13T07:43:37.039+01:00,80,66.93,1
30.0708,1,2021-12-17T17:07:09.405+01:00,6138,307.4,1
10.2009,1,2021-12-07T12:28:54.461+01:00,2543,3.59,3
40.0290,61,2021-12-30T15:38:29.456+01:00,3483,14.49,1
50.0640,96,2021-12-28T15:34:16.851+01:00,7990,30.1,1
50.0612,95,2021-11-25T18:05:42.973+01:00,3057,35.75,1
30.0427,2,2021-12-30T10:15:39.485+01:00,5444,29.93,1
10.1354,1,2021-12-13T17:47:00.929+01:00,9323,1.39,2
40.0160,3,2021-11-29T18:00:07.470+01:00,7448,65.92,1
50.0678,65,2021-11-12T14:33:33.329+01:00,4899,33,1
30.0378,63,2021-11-18T10:37:31.062+01:00,1027,22.53,1
10.0571,99,2021-11-18T16:10:54.478+01:00,433,2.78,1
50.0600,65,2021-12-29T10:53:23.900+01:00,7506,28.59,1
50.0633,63,2021-12-29T12:22:38.001+01:00,8765,42.31,1
10.1342,1,2021-12-14T16:31:03.005+01:00,5056,2.64,1
90.4005,38,2021-11-24T15:59:30.630+01:00,41,84.24,2
30.1797,3,2021-12-17T14:53:27.198+01:00,1893,127.5,2
10.1207,1,2021-11-28T12:03:45.175+01:00,8493,0.85,2
50.0637,96,2021-12-30T14:55:15.616+01:00,9814,234.55,11
50.0637,96,2021-12-29T12:45:18.225+01:00,9632,183.56,1
30.0378,1,2021-12-03T11:44:01.754+01:00,5077,117.56,1
40.0287,7,2021-08-16T15:25:54.657+02:00,1838,140.35,1
30.1848,1,2021-12-26T11:14:41.125+01:00,6360,68.61,2
30.0419,61,2021-11-20T11:02:58.736+01:00,51,21.06,1
30.0419,61,2021-11-22T15:58:38.813+01:00,76,16.83,1
30.0427,65,2021-11-24T08:58:49.575+01:00,6388,14.76,1
10.0571,5,2021-11-18T19:05:36.907+01:00,1014,5.97,3
30.1722,1,2021-12-19T11:41:31.379+01:00,903,-7.71,2
40.0169,1,2021-10-21T17:31:11.655+02:00,2017,35.27,3
30.0431,79,2021-11-24T09:42:17.089+01:00,2101,20.73,2
50.0639,96,2021-12-30T11:15:15.976+01:00,5588,17.89,1
30.0378,1,2021-12-11T11:07:44.049+01:00,7262,74.56,1
50.0694,91,2021-02-15T13:41:30.102+01:00,7432,233,26
30.0708,3,2021-12-16T15:16:02.997+01:00,5398,110.83,2
50.0633,95,2021-12-28T09:39:58.114+01:00,7088,37.33,1
50.0625,98,2021-12-28T12:02:14.466+01:00,117,193.2,3
40.0117,63,2021-12-30T19:18:10.899+01:00,3099,17.33,1
50.0633,95,2021-12-28T12:43:04.544+01:00,7144,92.27,4
30.0085,1,2021-12-06T13:50:06.599+01:00,3406,39.77,3
40.0287,50,2021-11-05T10:26:44.097+01:00,2687,-18.49,2
10.1342,1,2021-11-26T16:09:51.674+01:00,7781,7.69,1
40.0157,50,2021-12-27T17:38:10.764+01:00,2906,3.99,2
10.0571,1,2021-12-24T18:01:36.188+01:00,7011,34.65,2
30.1722,79,2021-12-04T19:55:41.915+01:00,3414,3,1
40.0239,61,2021-11-08T18:09:59.333+01:00,9537,6.15,2
50.0613,61,2021-11-13T14:08:35.244+01:00,6010,43.7,1
50.0678,94,2021-12-28T10:59:28.993+01:00,5793,49.62,1
40.0298,61,2021-12-23T11:07:24.845+01:00,7239,26.54,2
30.1848,1,2021-12-29T12:52:55.113+01:00,7206,134.15,13
40.0249,90,2021-12-06T15:22:16.435+01:00,751,30.38,1
50.0637,94,2021-02-13T18:30:11.363+01:00,8079,194.84,9
10.0279,2,2021-10-17T19:47:24.848+02:00,2283,7.34,3
10.0571,5,2021-12-15T18:36:47.343+01:00,7582,-8.6,2
40.0105,5,2021-08-17T11:14:20.242+02:00,2575,70.83,1
30.0572,61,2021-11-23T10:42:06.518+01:00,9352,38.92,1
30.0419,7,2021-12-18T12:02:29.768+01:00,79,97.65,3
50.0613,65,2021-12-16T13:44:11.910+01:00,2097,24.69,1
40.0148,1,2021-05-17T19:10:30.013+02:00,5461,108.45,2
40.0111,63,2021-12-29T18:06:23.211+01:00,3022,57.91,1
30.0085,1,2021-12-06T15:19:00.465+01:00,3464,8.45,1
30.0419,65,2021-11-24T09:02:54.725+01:00,423,17.39,1
30.0427,2,2021-12-30T19:41:16.750+01:00,5645,38.35,2
30.0075,1,2021-08-15T10:04:51.773+02:00,1167,149.65,2
30.1848,1,2021-12-31T16:00:35.459+01:00,8128,27.2,1
50.0660,65,2021-12-28T15:13:23.069+01:00,9355,147.05,1
50.0603,95,2021-12-04T12:13:32.754+01:00,4546,22.55,1
50.0633,91,2021-12-28T11:36:04.068+01:00,4780,60.08,1
30.0431,4,2021-11-20T12:41:35.484+01:00,4326,177.8,1
30.0378,1,2021-11-13T14:35:44.554+01:00,57,117.15,1
50.0624,67,2021-12-27T15:06:12.320+01:00,3887,22.3,1
50.0678,94,2021-12-15T18:08:56.475+01:00,4250,91.33,1
40.0148,1,2021-07-28T11:29:04.075+02:00,3024,30.78,3
30.1722,1,2021-12-30T12:44:37.837+01:00,4189,-8.29,2
50.0640,96,2021-12-28T17:56:51.661+01:00,8018,37.34,1
10.0049,2,2021-10-01T10:47:06.993+02:00,3,67.77,3
50.0458,34,2021-12-29T13:44:50.696+01:00,690,132.69,6
30.0572,61,2021-11-23T08:50:52.223+01:00,9339,68.7,2
50.0669,65,2021-12-17T15:02:37.064+01:00,7379,81.93,1
50.0669,65,2021-02-13T16:41:42.939+01:00,8559,237,40
10.0468,3,2021-12-15T12:28:41.030+01:00,51,-9.01,3
30.1848,1,2021-12-31T08:21:10.575+01:00,7825,50.72,1
30.0708,3,2021-12-16T12:57:00.830+01:00,5388,147.63,2
10.2012,1,2021-12-21T09:12:20.647+01:00,3,0.02,1
40.0105,5,2021-09-03T12:39:44.330+02:00,4860,54.65,2
30.0572,65,2021-11-19T11:17:40.498+01:00,7552,103.02,1
40.0105,1,2021-04-24T19:54:45.413+02:00,8020,255.43,1
30.0599,3,2021-12-29T12:24:08.459+01:00,621,107.76,1
30.0572,65,2021-11-24T17:26:35.274+01:00,8027,8.04,2
50.0669,92,2021-02-13T14:40:14.362+01:00,2867,145.86,26
10.0571,3,2021-11-24T12:15:16.193+01:00,4060,5.83,1
50.0458,91,2021-12-16T13:54:22.636+01:00,5053,113.64,1
30.0378,3,2021-12-15T15:12:53.782+01:00,3573,65.13,1
30.0419,65,2021-11-24T09:43:41.519+01:00,425,28.1,1
30.0714,79,2021-12-18T08:58:21.586+01:00,423,8.21,1
30.0708,1,2021-12-16T12:57:39.402+01:00,5807,86.03,1
40.0249,96,2021-12-29T11:48:06.080+01:00,2981,46.48,1
50.0674,65,2021-12-04T15:22:09.450+01:00,5596,104.8,1
50.0686,96,2021-12-29T12:51:10.013+01:00,8577,80.18,1
90.4004,46,2021-11-02T18:17:46.811+01:00,347,286.53,1
30.1848,1,2021-12-26T11:34:22.835+01:00,6373,303.8,1
30.0714,79,2021-11-11T11:48:47.496+01:00,36,-1.54,2
50.0647,31,2021-10-23T12:31:13.572+02:00,634,202.71,1
40.0169,1,2021-08-28T16:21:41.961+02:00,2937,25.22,1
50.0634,96,2021-12-06T10:46:31.202+01:00,1516,35.1,1
30.0708,3,2021-12-22T14:38:26.298+01:00,5752,131.98,1
30.0431,4,2021-11-19T15:48:06.031+01:00,4280,15.8,2
30.1797,3,2021-12-11T15:14:43.662+01:00,1280,57.58,1
40.0250,94,2021-12-30T16:29:54.212+01:00,8725,85.38,13
40.0139,3,2021-12-30T16:50:25.926+01:00,9059,20.09,2
40.0139,3,2021-12-30T17:23:37.351+01:00,9076,30.16,2
30.1797,61,2021-12-06T14:33:59.738+01:00,329,36.89,1
10.2017,1,2021-12-25T09:44:38.000+01:00,2441,10.24,1
10.1213,2,2021-11-23T18:37:32.820+01:00,5818,1.65,2
30.0378,63,2021-11-25T10:35:36.148+01:00,1202,35.83,1
10.0095,1,2021-12-05T17:47:16.832+01:00,6668,1.55,2
90.4005,40,2021-12-30T13:21:12.322+01:00,36,142.19,1
50.0647,61,2021-12-23T16:10:14.604+01:00,8994,64.22,4
50.0647,61,2021-12-18T11:12:08.498+01:00,8577,64.2,1
50.0647,32,2021-10-25T13:35:50.860+02:00,665,8.01,2
50.0647,61,2021-02-15T11:06:03.667+01:00,4780,172.68,31
30.0378,5,2021-12-30T12:54:06.223+01:00,4809,66.29,1
30.0378,1,2021-12-08T08:48:11.840+01:00,6333,23.62,1
40.0160,50,2021-11-02T18:37:18.690+01:00,7909,0,1
50.0640,94,2021-12-28T11:42:56.854+01:00,1756,49,1
50.0639,94,2021-10-28T12:09:53.109+02:00,6622,5.59,1
50.0606,92,2021-09-11T11:38:46.331+02:00,6063,0,0
50.0694,95,2021-12-29T14:31:13.981+01:00,3233,46.97,1
50.0645,67,2021-12-24T15:58:42.188+01:00,5026,88.77,1
50.0458,63,2021-05-19T10:46:49.480+02:00,8061,80.31,0
30.0419,1,2021-12-23T11:44:04.929+01:00,4897,84.68,1
40.0105,50,2021-07-08T19:27:23.991+02:00,5719,-2,1
50.0674,93,2021-02-13T16:21:16.739+01:00,8937,211.76,31
90.4005,40,2021-11-30T14:52:27.968+01:00,14,91.02,1
50.0600,92,2021-12-07T10:15:10.154+01:00,879,32.83,1
30.0419,65,2021-11-24T13:21:28.406+01:00,453,69.72,2
10.0019,1,2021-10-31T16:11:11.008+01:00,2030,53.15,1
30.0427,65,2021-11-20T09:46:49.065+01:00,6207,75.75,2
10.1213,2,2021-11-19T09:51:57.267+01:00,3216,-14.94,2
30.0427,65,2021-11-24T09:07:12.569+01:00,6389,44.45,1
50.0668,95,2021-12-28T18:25:59.805+01:00,1002,98.5,1
10.0571,3,2021-11-19T17:26:38.946+01:00,2051,37.98,1
30.0419,65,2021-11-20T10:36:48.000+01:00,185,87.82,1
50.0459,92,2021-02-13T17:23:40.637+01:00,5742,188.55,12
30.0599,1,2021-11-27T10:10:49.828+01:00,79,30.59,1
30.0708,1,2021-12-19T12:11:04.485+01:00,6482,234.37,3
30.1722,1,2021-12-26T12:41:21.964+01:00,2915,46.95,2
30.1797,3,2021-12-02T14:22:22.998+01:00,303,184.78,1
30.1797,3,2021-12-17T15:40:16.399+01:00,1914,9.95,1
30.1797,1,2021-12-27T11:03:08.918+01:00,7026,44.6,1
30.0427,2,2021-12-30T16:01:56.437+01:00,5581,101.57,2
50.0639,92,2021-11-13T14:31:52.011+01:00,4282,22.25,2
30.0431,79,2021-12-01T09:33:31.822+01:00,2156,26.23,1
50.0617,94,2021-12-24T10:35:47.257+01:00,3287,70.49,1
90.4006,7,2021-12-28T14:13:28.701+01:00,18,41.15,1
30.0431,4,2021-11-19T09:55:18.137+01:00,4270,20.61,3
30.1848,63,2021-12-17T15:10:50.210+01:00,923,12.89,1
50.0634,96,2021-12-07T10:42:14.902+01:00,1569,54.52,1
30.0431,79,2021-12-06T15:55:07.824+01:00,2233,31.81,3
30.0427,2,2021-11-26T17:08:59.610+01:00,9934,10.46,1
10.0028,1,2021-12-02T16:52:09.935+01:00,2743,5.89,1
30.1853,79,2021-09-23T08:30:41.918+02:00,3249,-18.7,1
30.0708,3,2021-12-16T14:52:58.159+01:00,5397,138.81,8
50.0645,65,2021-12-24T17:44:37.188+01:00,9423,20.38,1
30.0378,3,2021-12-08T10:23:57.508+01:00,2236,90.48,1
30.0572,65,2021-11-18T09:12:33.557+01:00,7433,54.76,1
30.0572,65,2021-11-22T09:30:40.831+01:00,7753,21.3,1
30.0708,1,2021-12-23T10:01:36.567+01:00,7281,86.83,1
30.1848,63,2021-12-15T14:28:24.261+01:00,723,41.49,1
50.0667,92,2021-12-31T13:00:07.953+01:00,8214,44.25,1
50.0667,92,2021-12-31T14:48:19.654+01:00,8252,86.34,2
30.0427,2,2021-12-04T15:37:02.896+01:00,1376,-8.29,2
10.1354,1,2021-12-06T13:42:31.419+01:00,6056,10.93,1
50.0645,67,2021-11-12T18:07:52.774+01:00,1421,37.07,1
30.0427,4,2021-11-20T13:20:18.118+01:00,2777,19.53,1
40.0121,63,2021-12-31T14:01:11.459+01:00,6456,49.74,1
30.1797,3,2021-12-17T13:27:11.764+01:00,1881,67.07,2
30.0378,63,2021-11-22T09:00:14.425+01:00,1126,8.5,1
50.0659,67,2021-11-17T17:55:36.867+01:00,8234,22.91,1
50.0639,94,2021-12-03T10:08:28.150+01:00,8990,38.98,1
30.1797,1,2021-12-27T10:28:49.782+01:00,7006,49.75,2
40.0169,1,2021-10-07T10:51:15.597+02:00,6437,9.96,2
40.0001,91,2021-12-26T12:34:55.586+01:00,9792,35.34,1
30.0378,3,2021-12-02T16:05:47.431+01:00,1134,24.27,3
50.0624,65,2021-12-21T11:41:45.655+01:00,782,149.69,1
10.0028,1,2021-11-26T18:23:04.488+01:00,1262,1.21,3
60.3743,62,2021-12-16T18:04:25.176+01:00,2957,44.08,1
30.0427,4,2021-12-18T14:30:59.406+01:00,3423,81.02,21
30.0427,4,2021-12-17T13:56:56.580+01:00,3301,230.72,28
50.0617,92,2021-12-23T08:35:58.116+01:00,5345,19.96,2
40.0160,50,2021-12-20T12:36:01.754+01:00,111,-2.25,1
10.0049,2,2021-10-04T13:15:16.753+02:00,948,3.54,1
10.0049,2,2021-10-05T19:31:37.928+02:00,1569,4.44,1
30.1797,61,2021-12-20T18:21:10.940+01:00,1321,31.12,1
70.0704,61,2021-12-11T10:57:12.318+01:00,2468,10.75,1
10.2012,1,2021-12-21T09:13:18.825+01:00,4,0.02,1
10.2012,1,2021-12-21T09:13:48.896+01:00,5,0.02,1
30.0572,65,2021-11-19T09:47:46.555+01:00,7536,23.19,1
30.0085,63,2021-11-25T12:02:41.947+01:00,1278,36.53,1
50.0626,63,2021-12-16T09:30:22.619+01:00,9666,12.57,1
40.0139,65,2021-12-21T09:39:12.656+01:00,734,3.73,1
30.0427,63,2021-11-20T14:27:43.615+01:00,2392,216.2,1
30.0427,63,2021-11-19T08:30:10.218+01:00,2350,48.17,1
30.0378,5,2021-11-20T14:35:22.500+01:00,2706,48.52,1
10.2010,1,2021-12-11T15:11:46.777+01:00,7845,12.53,3
10.1236,1,2021-12-24T17:38:37.033+01:00,1087,27,1
40.0169,1,2021-08-12T18:32:57.817+02:00,7425,31.59,1
40.0169,1,2021-10-26T12:33:30.874+02:00,3517,34.78,1
40.0105,3,2021-12-28T15:40:08.663+01:00,6302,154.96,1
40.0169,1,2021-06-05T11:21:21.094+02:00,5459,36.73,1
50.0694,30,2021-09-09T12:01:36.669+02:00,955,34.51,1
50.0694,91,2021-12-29T15:45:06.481+01:00,632,16.13,1
40.0148,50,2021-07-12T11:38:48.269+02:00,6533,-28.56,2
40.0148,50,2021-11-08T14:33:05.720+01:00,5463,-101.33,2
40.0244,61,2021-12-30T14:57:43.471+01:00,6354,8.69,2
30.0419,61,2021-11-18T10:40:58.214+01:00,14,87.08,1
10.0518,1,2021-12-26T18:26:32.205+01:00,3320,-8.29,2
30.0419,65,2021-11-18T13:20:51.560+01:00,47,21.01,1
30.0419,65,2021-11-19T16:51:27.523+01:00,152,20.63,1
40.0239,65,2021-11-13T16:55:19.041+01:00,3973,68,1
40.0157,1,2021-06-29T14:29:12.538+02:00,9440,5.49,3
30.0419,1,2021-12-01T10:03:02.240+01:00,2401,43.76,1
30.0419,1,2021-12-08T15:23:07.179+01:00,3329,50.42,1
30.0419,1,2021-12-10T16:06:55.135+01:00,3553,5.95,1
30.0419,65,2021-11-19T15:05:07.739+01:00,140,37.68,1
30.0431,4,2021-11-20T11:58:21.467+01:00,4312,34.23,1
30.0419,65,2021-11-24T09:57:40.698+01:00,427,30.56,1
30.0431,61,2021-12-27T13:48:02.604+01:00,3787,29.1,1
30.0714,79,2021-12-22T11:38:49.017+01:00,467,4.72,1
30.0714,79,2021-12-17T16:24:10.131+01:00,420,29.85,1
30.0708,1,2021-11-05T16:14:47.051+01:00,7116,12.9,1
50.0639,90,2021-12-28T17:03:52.737+01:00,6212,34.41,1
30.0714,79,2021-12-28T13:35:15.029+01:00,570,-8.07,2
30.0708,1,2021-11-11T10:13:24.703+01:00,8265,55.04,1
30.0708,1,2021-12-28T15:03:31.364+01:00,8202,61.27,1
30.0708,1,2021-12-23T08:28:20.226+01:00,7243,84.35,9
30.0708,1,2021-12-28T13:16:58.229+01:00,8148,249.06,1
50.0458,34,2021-12-29T16:35:54.218+01:00,699,70.11,1
50.0458,34,2021-12-28T13:30:04.753+01:00,679,108.35,1
30.0431,4,2021-11-20T11:21:15.490+01:00,4290,194.9,1
30.0419,79,2021-11-24T09:11:00.807+01:00,171,36.05,2
40.0160,3,2021-11-22T17:34:57.687+01:00,6423,35.9,1
30.0714,79,2021-12-06T15:13:47.625+01:00,306,134.52,1
30.0714,79,2021-12-28T16:36:22.277+01:00,573,39.8,1
10.1681,2,2021-09-11T13:58:17.744+02:00,8373,19.6,1
30.0708,3,2021-12-31T15:12:30.785+01:00,6774,84,2
50.0624,65,2021-12-27T17:10:33.205+01:00,1204,188.07,3
30.0708,3,2021-12-17T16:10:33.215+01:00,5455,285.17,45
30.0431,4,2021-11-19T09:46:23.438+01:00,4263,45,1
40.0160,3,2021-11-13T16:06:05.711+01:00,5288,70.94,1
30.0431,4,2021-11-20T11:34:38.146+01:00,4296,21.72,3
50.0612,93,2021-12-28T17:05:14.371+01:00,2321,42.51,1
50.0612,93,2021-12-08T18:50:34.517+01:00,8928,51.82,1
50.0674,93,2021-12-04T15:29:34.803+01:00,4719,182.94,2
10.1681,2,2021-06-06T14:23:09.008+02:00,3054,50.17,1
10.1681,2,2021-07-06T10:21:34.435+02:00,405,14.3,1
30.0427,65,2021-11-19T12:09:47.487+01:00,6149,26.51,1
50.0675,93,2021-02-11T16:21:13.678+01:00,9710,221,9
50.0675,93,2021-02-13T12:31:26.732+01:00,9977,253.67,47
40.0287,65,2021-02-13T16:09:20.016+01:00,633,148.12,10
40.0105,1,2021-08-03T19:06:01.310+02:00,1084,-13.06,2
30.0378,3,2021-12-10T08:39:54.225+01:00,2617,40.16,4
40.0105,5,2021-05-28T18:42:45.923+02:00,9808,4.6,2
40.0105,1,2021-04-07T14:55:10.213+02:00,3638,4.49,3
10.0021,1,2021-12-26T16:17:19.817+01:00,3808,6.04,1
90.4006,7,2021-12-28T15:39:35.656+01:00,19,156.3,11
40.0239,61,2021-12-10T10:56:59.804+01:00,4487,16.62,1
30.1853,2,2021-12-08T14:05:03.543+01:00,4079,7.21,2
10.1342,1,2021-11-28T10:19:12.869+01:00,8364,13.89,1
30.0572,32,2021-11-20T16:56:16.324+01:00,398,8.14,1
10.0571,99,2021-11-18T16:07:31.517+01:00,428,1.68,2
10.0571,99,2021-11-18T16:08:48.424+01:00,431,9.49,1
10.0571,99,2021-11-18T16:12:23.727+01:00,434,35.05,2
10.0571,99,2021-11-18T16:08:24.011+01:00,430,12.29,3
10.0571,99,2021-11-18T16:07:50.953+01:00,429,2.98,1
10.0571,99,2021-11-18T16:09:27.798+01:00,432,10.59,3
10.0571,1,2021-12-28T16:08:38.170+01:00,8479,5.28,1
10.0021,1,2021-12-24T13:39:54.197+01:00,2672,58,1
50.0617,94,2021-12-07T08:50:46.348+01:00,447,24.7,1
30.0419,7,2021-12-23T16:55:57.400+01:00,88,160.71,1
30.0572,61,2021-11-19T10:43:37.965+01:00,8998,129.94,1
30.0378,1,2021-12-07T09:45:00.996+01:00,6028,172.64,2
50.0653,65,2021-11-12T11:46:38.517+01:00,9151,12.38,1
50.0653,65,2021-11-12T10:27:41.454+01:00,9134,503,4
10.2017,1,2021-12-14T10:23:47.969+01:00,7241,22.09,2
30.0427,2,2021-11-29T15:56:02.964+01:00,381,17.03,3
30.0427,2,2021-11-29T11:29:11.670+01:00,267,45.53,1
40.0055,65,2021-12-30T13:43:12.107+01:00,6062,55.36,1
30.0427,2,2021-10-29T11:16:50.349+02:00,5228,441.6,1
50.0625,96,2021-02-13T14:37:44.309+01:00,2737,186.89,29
50.0631,61,2021-02-13T14:47:07.407+01:00,1188,272,8
50.0667,96,2021-12-31T16:10:34.666+01:00,2200,66.31,1
40.0287,5,2021-08-28T14:42:20.128+02:00,5331,17.02,1
30.1848,65,2021-12-26T10:33:54.955+01:00,759,49.58,1
30.1797,1,2021-12-29T17:57:33.678+01:00,7592,34.43,1
10.0019,1,2021-11-07T18:27:52.477+01:00,4818,15.42,1
10.0019,1,2021-10-28T16:25:42.401+02:00,647,46.3,1
10.0019,1,2021-12-18T19:27:01.152+01:00,5549,14.95,1
40.0105,50,2021-12-04T16:01:06.443+01:00,7162,1.08,2
40.0105,50,2021-05-29T13:02:26.638+02:00,157,-2.84,2
50.0633,65,2021-12-28T14:49:06.965+01:00,5791,205.78,1
30.1848,1,2021-12-28T18:34:52.497+01:00,7046,-35.06,3
30.1848,1,2021-12-27T14:21:27.736+01:00,6496,-4.85,2
70.0704,63,2021-12-20T12:28:24.801+01:00,7684,97.49,1
10.0571,3,2021-12-08T14:12:13.713+01:00,2286,50.46,1
40.0287,5,2021-05-19T19:54:15.339+02:00,6477,20.71,1
30.0378,5,2021-12-30T11:22:30.253+01:00,4761,30.95,1
30.0378,5,2021-11-26T11:05:52.658+01:00,2814,48.78,2
30.0419,79,2021-12-04T09:39:47.939+01:00,405,63.73,1
30.0431,79,2021-12-01T10:35:07.509+01:00,2157,15.91,1
30.1848,3,2021-12-26T10:55:34.793+01:00,1387,82.31,2
50.0640,94,2021-11-12T12:30:31.695+01:00,6005,86.89,2
50.0661,65,2021-02-13T14:46:15.666+01:00,3483,196,12
30.0378,5,2021-11-20T13:33:18.756+01:00,2697,95.34,1
40.0001,91,2021-11-09T13:47:12.401+01:00,6110,7.69,2
40.0287,3,2021-12-29T10:45:38.427+01:00,5919,115.86,1
30.1797,3,2021-12-27T12:26:07.165+01:00,3209,21.25,1
30.1797,3,2021-12-11T16:52:05.045+01:00,1316,105.5,1
30.1797,3,2021-12-10T10:31:28.362+01:00,1088,31.78,1
10.0185,1,2021-12-06T12:42:16.008+01:00,124,3.24,1
50.0458,93,2021-12-30T09:05:08.581+01:00,2325,25.9,1
30.0378,63,2021-11-22T09:24:19.278+01:00,1127,33.39,1
50.0654,63,2021-12-11T11:08:50.865+01:00,9792,87.22,1
30.1797,3,2021-12-31T09:00:24.076+01:00,3652,19.33,1
40.0117,65,2021-12-30T11:37:48.193+01:00,6496,85.07,1
30.1797,3,2021-12-19T10:48:14.688+01:00,2128,93.24,1
30.1797,3,2021-12-16T10:46:40.782+01:00,1851,97.52,3
10.0872,1,2021-11-20T11:06:52.533+01:00,5123,12.84,3
90.4005,40,2021-12-16T19:33:00.643+01:00,29,322.32,29
90.4005,40,2021-11-25T17:25:50.063+01:00,10,197.3,1
90.4005,40,2021-12-28T15:13:01.380+01:00,35,151.45,2
70.0704,62,2021-10-30T09:41:25.200+02:00,6312,68.07,1
10.0279,1,2021-11-27T12:52:40.788+01:00,5158,30.84,1
50.0602,62,2021-12-15T16:43:41.630+01:00,6326,56.07,1
30.1848,2,2021-12-26T11:26:12.267+01:00,3764,105.03,1
30.1797,66,2021-12-16T10:30:02.899+01:00,1286,42.16,1
70.0704,62,2021-11-19T13:09:36.868+01:00,9204,90.9,1
40.0169,2,2021-10-29T15:26:50.385+02:00,158,53.19,2
30.0708,4,2021-12-04T15:48:54.801+01:00,700,47.85,1
70.0704,64,2021-12-19T12:57:18.866+01:00,3357,48.57,1
40.0287,51,2021-12-21T15:02:16.044+01:00,776,-11.78,2
50.0639,97,2021-12-29T13:53:32.356+01:00,5585,143.57,2
50.0602,91,2021-05-15T16:24:11.194+02:00,7041,17.23,0
70.0575,64,2021-12-28T15:41:49.135+01:00,7651,35.99,1
40.0287,6,2021-11-20T18:40:07.718+01:00,1869,143.62,1
50.0660,68,2021-12-29T16:01:34.493+01:00,6696,81.26,1
30.0427,3,2021-12-03T10:22:52.876+01:00,1728,48.77,1
30.1848,68,2021-12-31T15:08:06.770+01:00,607,62.24,1
50.0633,94,2021-12-28T10:50:53.944+01:00,1384,102.53,1
30.0378,79,2021-10-28T10:49:29.463+02:00,619,15.25,2
30.1722,6,2021-05-29T16:59:23.012+02:00,1680,124.54,1
50.0620,62,2021-12-15T09:23:29.525+01:00,6675,18.97,1
50.0654,62,2021-02-13T15:26:23.571+01:00,2386,255,8
40.0148,4,2021-12-08T09:50:41.954+01:00,2516,13.97,1
40.0148,4,2021-07-30T09:27:07.553+02:00,9412,5.1,2
50.0659,62,2021-12-11T11:31:15.906+01:00,2755,236.97,1
30.0378,79,2021-11-29T14:07:11.882+01:00,1415,-7.09,2
30.0378,79,2021-11-13T17:29:04.821+01:00,1062,4.9,1
40.0157,62,2021-12-22T11:55:41.165+01:00,8054,10.92,1
50.0637,95,2021-12-10T14:30:10.739+01:00,595,75.01,0
50.0640,99,2021-12-28T13:27:49.195+01:00,9848,23.38,1
40.0127,3,2021-12-14T18:19:45.180+01:00,8319,15.29,2
50.0612,98,2021-12-28T12:07:41.156+01:00,9526,58.73,1
30.0427,79,2021-12-06T14:48:37.780+01:00,4394,14.9,1
50.0639,97,2021-02-15T19:09:37.998+01:00,2548,300.02,38
50.0637,95,2021-12-13T15:58:46.185+01:00,985,35.26,1
50.0660,66,2021-12-28T17:16:18.861+01:00,9291,44.88,2
50.0668,96,2021-11-10T11:24:47.987+01:00,6839,154.4,1
10.0571,2,2021-11-19T17:13:31.607+01:00,2299,19.65,1
10.0049,1,2021-11-09T08:43:53.249+01:00,6242,8.81,1
90.4005,41,2021-11-17T12:47:48.266+01:00,5,114.81,2
50.0603,92,2021-12-22T18:12:37.589+01:00,5627,165.06,1
90.4005,47,2021-12-18T13:23:22.002+01:00,22,32.39,1
30.0427,3,2021-11-27T11:20:08.495+01:00,1475,10.11,1
50.0659,68,2021-10-15T11:15:40.246+02:00,1157,54.05,1
30.1848,2,2021-12-08T16:26:44.934+01:00,747,18.45,1
40.0249,93,2021-12-29T15:02:42.552+01:00,1681,36.57,1
40.0287,8,2021-07-30T11:45:42.537+02:00,2174,107.3,4
50.0606,91,2021-02-10T16:52:20.142+01:00,2285,7,1
40.0111,62,2021-12-07T09:25:18.467+01:00,8378,37.57,1
50.0640,93,2021-11-08T18:53:35.982+01:00,9254,164.46,1
40.0105,2,2021-07-16T10:38:42.492+02:00,3538,72.6,1
50.0668,96,2021-11-30T19:22:05.806+01:00,9009,40.21,1
40.0139,2,2021-12-29T19:19:53.974+01:00,7282,23.65,2
40.0139,2,2021-12-30T12:30:04.166+01:00,7391,32.99,3
40.0139,2,2021-12-28T18:27:44.877+01:00,7004,145.49,1
50.0626,62,2021-12-29T10:44:49.443+01:00,5295,33.57,1
50.0669,95,2021-10-30T17:25:59.316+02:00,7291,43.28,1
30.0431,50,2021-11-28T11:59:00.356+01:00,8607,1.63,2
50.0674,92,2021-12-18T12:16:29.256+01:00,4026,207.95,21
30.1797,66,2021-12-27T17:14:10.141+01:00,2277,21.31,1
10.0049,1,2021-11-20T19:46:43.280+01:00,2687,7.18,1
50.0633,66,2021-12-17T17:56:35.657+01:00,9856,76.2,1
50.0633,66,2021-12-13T19:05:32.999+01:00,9181,203.83,1
30.1853,3,2021-12-29T12:17:56.532+01:00,7926,-3.78,2
40.0111,64,2021-12-31T10:35:05.819+01:00,8617,52.25,1
40.0111,64,2021-12-29T16:55:40.460+01:00,8389,98.02,1
40.0105,2,2021-04-08T16:18:13.248+02:00,2086,7.69,3
50.0667,95,2021-12-31T11:54:49.529+01:00,7083,24.1,1
30.0708,4,2021-12-22T15:12:50.888+01:00,2473,-10.09,2
30.0431,3,2021-12-14T10:55:28.231+01:00,5446,4.67,3
70.0704,62,2021-10-09T14:48:28.552+02:00,3388,48.66,1
50.0674,94,2021-11-10T17:26:59.943+01:00,6068,211.75,2
30.0427,62,2021-11-19T12:39:50.624+01:00,1744,18.88,1
50.0612,94,2021-11-04T18:52:55.524+01:00,5960,218,1
50.0686,93,2021-12-29T14:23:08.003+01:00,7398,25.93,1
40.0298,68,2021-11-08T16:02:26.323+01:00,1579,12.5,1
90.4004,47,2021-11-26T16:41:27.353+01:00,335,150.28,2
90.4005,35,2021-11-26T17:44:35.568+01:00,31,170.61,1
10.0019,2,2021-10-08T18:09:59.356+02:00,2652,10.79,1
30.1848,2,2021-12-08T08:51:51.451+01:00,574,38.38,3
30.0419,4,2021-12-11T11:48:13.623+01:00,4111,40.05,1
30.0708,4,2021-12-19T11:16:44.322+01:00,2101,114.32,1
50.0660,62,2021-12-30T10:40:53.678+01:00,3634,13.44,1
50.0659,68,2021-12-11T11:21:31.543+01:00,7970,93.83,1
50.0659,68,2021-11-30T09:50:14.642+01:00,6376,4.14,1
50.0659,68,2021-12-27T09:38:25.111+01:00,9891,61.99,1
30.0427,1,2021-12-28T17:21:41.690+01:00,484,26.67,1
40.0105,8,2021-12-28T13:17:51.286+01:00,6505,47.86,1
40.0169,2,2021-11-04T12:27:28.373+01:00,1263,-21.49,2
70.0704,62,2021-11-12T15:44:42.558+01:00,8224,35.38,1
50.0669,95,2021-12-31T14:53:26.491+01:00,7173,52.05,1
40.0161,62,2021-12-31T15:02:35.639+01:00,1638,24.31,1
40.0157,4,2021-04-16T09:29:07.153+02:00,902,17.91,1
10.0049,1,2021-12-13T19:11:31.010+01:00,5854,9.99,1
40.0105,4,2021-07-23T09:25:15.181+02:00,9145,88.74,1
30.1797,2,2021-12-05T10:34:24.700+01:00,610,111,2
50.0634,93,2021-12-18T14:12:31.855+01:00,8756,93.61,1
30.0427,79,2021-06-30T12:23:37.822+02:00,628,24.54,1
40.0160,4,2021-05-22T16:37:31.465+02:00,4682,76.13,3
50.0606,97,2021-11-12T11:05:04.738+01:00,7499,53.69,6
50.0624,66,2021-11-12T11:56:05.201+01:00,3495,132.98,1
30.1848,64,2021-12-08T17:15:36.105+01:00,92,14.81,1
50.0667,97,2021-12-31T10:13:15.744+01:00,834,81.72,2
50.0664,91,2021-12-29T12:14:01.100+01:00,7713,104.29,1
30.0427,66,2021-11-20T12:55:49.901+01:00,9708,28.94,1
50.0664,91,2021-11-23T14:05:08.940+01:00,3067,48.12,4
40.0105,8,2021-12-28T10:45:24.369+01:00,6433,18.34,3
10.0581,2,2021-10-25T10:00:54.133+02:00,1501,15.83,1
50.0631,93,2021-02-13T16:03:29.281+01:00,7225,271.09,47
10.0534,1,2021-07-11T19:16:44.015+02:00,2808,4.78,3
10.0534,1,2021-08-21T13:56:04.402+02:00,5373,18.17,3
30.0419,2,2021-12-01T09:58:52.634+01:00,2891,12.43,3
90.4005,45,2021-12-23T16:53:19.011+01:00,5,109.05,1
10.0534,1,2021-11-25T18:47:10.124+01:00,7674,5.26,1
50.0678,93,2021-02-13T15:49:47.541+01:00,172,280.91,9
50.0613,95,2021-11-15T13:01:15.340+01:00,8891,70.41,1
10.0279,3,2021-01-28T18:37:39.354+01:00,328,11.99,2
30.0419,2,2021-11-27T13:03:30.912+01:00,2251,43.08,1
30.0378,79,2021-10-07T12:51:36.336+02:00,41,20.7,3
50.0659,64,2021-12-11T11:18:28.383+01:00,5761,176.62,1
90.4005,37,2021-11-13T15:25:46.492+01:00,38,77.04,1
50.0602,62,2021-12-06T16:01:30.161+01:00,4525,36.12,2
90.4005,37,2021-12-24T15:24:41.335+01:00,139,97.93,2
30.0714,2,2021-12-01T14:42:32.253+01:00,4480,4.32,3
30.1722,6,2021-06-05T17:16:20.076+02:00,3901,66.89,2
50.0634,97,2021-12-06T11:14:30.206+01:00,4172,28.75,1
50.0634,97,2021-11-15T10:41:31.358+01:00,3020,135,1
90.4005,37,2021-11-13T08:50:49.259+01:00,34,194.71,1
70.0704,62,2021-10-14T09:36:30.609+02:00,4007,5.91,1
50.0653,66,2021-11-06T14:49:28.992+01:00,7121,41,6
30.0431,50,2021-06-30T14:48:25.043+02:00,2260,-9.77,2
50.0674,94,2021-02-13T15:32:29.566+01:00,5607,173.55,10
90.4005,42,2021-12-11T15:30:05.865+01:00,42,78.84,1
50.0637,95,2021-12-30T14:20:10.633+01:00,3500,82.08,1
50.0620,64,2021-12-10T10:30:22.308+01:00,5799,97.37,1
30.0708,4,2021-10-30T11:13:18.598+02:00,4298,146.92,1
50.0606,93,2021-11-08T12:41:27.244+01:00,9366,79.46,2
50.0664,93,2021-10-25T11:45:27.575+02:00,1492,30.82,1
50.0617,97,2021-11-15T17:56:55.887+01:00,4614,19.51,1
40.0127,3,2021-12-02T11:39:22.042+01:00,4568,7.34,1
10.0279,1,2021-12-29T08:02:42.821+01:00,4295,3.01,1
90.4005,37,2021-12-20T17:15:32.039+01:00,123,188.96,3
50.0613,62,2021-11-08T14:54:51.999+01:00,4337,25.26,1
50.0603,92,2021-12-06T17:03:18.630+01:00,4449,69.44,1
10.0049,1,2021-12-23T16:01:23.212+01:00,822,12.42,1
10.0405,2,2021-11-30T16:28:20.596+01:00,4673,11.6,1
90.4005,37,2021-12-28T14:47:28.082+01:00,144,263.95,1
50.0612,94,2021-12-29T19:07:11.206+01:00,4376,124.84,1
50.0645,66,2021-02-15T12:10:07.329+01:00,486,345,23
40.0290,62,2021-12-28T12:26:55.353+01:00,7992,174.99,3
50.0625,91,2021-12-29T12:25:56.565+01:00,786,86.57,1
50.0625,91,2021-02-15T19:30:25.989+01:00,3188,180,9
50.0647,62,2021-02-13T19:14:56.148+01:00,4459,200,31
30.1853,1,2021-12-30T15:52:06.283+01:00,7670,22.97,1
90.4005,41,2021-11-27T17:29:01.645+01:00,16,102.41,1
50.0674,66,2021-02-13T18:30:24.188+01:00,1287,182.19,10
30.0378,4,2021-11-06T10:16:19.684+01:00,3235,43,2
10.0279,1,2021-01-24T19:43:07.172+01:00,6223,18.52,3
30.0427,66,2021-11-19T10:08:44.611+01:00,9582,11.68,1
30.1722,2,2021-12-14T16:17:02.275+01:00,7451,16.25,1
10.1403,2,2021-12-16T12:28:50.578+01:00,5280,80.04,11
30.0419,62,2021-11-18T09:03:43.700+01:00,9,32.44,1
50.0606,91,2021-12-31T13:28:05.536+01:00,2577,13.81,2
50.0612,92,2021-12-18T12:55:00.088+01:00,1672,58.45,1
30.1848,2,2021-12-26T12:28:05.434+01:00,3810,35.08,1
40.0157,79,2021-10-28T08:48:31.697+02:00,4837,-18.5,2
50.0612,92,2021-12-28T14:20:04.249+01:00,2917,51,1
50.0675,96,2021-10-22T12:11:05.817+02:00,4914,158.26,1
10.2005,2,2021-12-13T11:59:59.446+01:00,3,0.02,1
50.0674,96,2021-12-24T15:08:44.420+01:00,9866,185.87,1
50.0675,96,2021-02-13T19:47:25.453+01:00,6553,213,26
70.0704,62,2021-12-04T12:56:44.727+01:00,1265,7.59,1
40.0105,4,2021-12-16T14:46:35.451+01:00,1326,71.9,1
30.0378,66,2021-11-22T09:36:14.791+01:00,1164,16.31,1
10.2009,2,2021-12-07T12:30:19.539+01:00,3961,2.2,2
10.0049,3,2021-10-01T10:47:01.487+02:00,5,42.29,2
30.0378,64,2021-11-18T11:43:30.196+01:00,396,41.85,2
30.0708,4,2021-12-24T12:13:08.300+01:00,2874,94.89,1
50.0633,94,2021-12-29T10:21:49.215+01:00,1574,21.18,1
50.0626,94,2021-12-28T12:11:18.786+01:00,967,194.44,1
50.0626,94,2021-12-29T15:59:36.780+01:00,1178,241.6,1
50.0686,95,2021-12-29T09:59:47.703+01:00,5150,86.13,1
50.0669,64,2021-02-13T18:57:06.168+01:00,1449,200.29,37
40.0160,4,2021-05-26T17:55:56.985+02:00,5367,31.3,1
30.0427,66,2021-11-19T15:12:37.618+01:00,9630,12.4,1
10.0534,1,2021-10-03T17:20:38.680+02:00,3946,18.7,1
50.0631,93,2021-02-15T17:28:32.238+01:00,7350,208.48,9
50.0667,91,2021-12-31T15:25:05.541+01:00,5521,149.83,1
40.0105,51,2021-11-05T13:01:13.628+01:00,2329,-187.58,2
30.0419,4,2021-12-23T12:21:07.810+01:00,6523,168.22,1
30.1797,2,2021-12-05T09:46:05.639+01:00,581,42.6,1
40.0105,8,2021-11-16T12:24:44.246+01:00,149,53.89,4
30.0431,3,2021-12-01T16:17:39.059+01:00,4557,31.27,2
50.0612,94,2021-12-24T10:46:24.916+01:00,3654,97.11,1
30.0427,66,2021-11-20T12:21:15.426+01:00,9702,9.5,1
40.0157,66,2021-12-30T14:14:37.566+01:00,937,36.16,2
30.1722,4,2021-05-14T17:38:57.705+02:00,3795,40.72,1
40.0169,50,2021-12-16T12:18:33.489+01:00,2548,-2.24,2
50.0602,93,2021-12-22T17:32:35.007+01:00,8129,274.93,1
40.0148,2,2021-08-24T11:10:54.163+02:00,3476,106.74,1
30.1797,79,2021-12-04T15:38:15.813+01:00,63,48.89,1
40.0240,64,2021-12-31T12:09:15.090+01:00,5477,47.96,1
90.4005,37,2021-12-17T18:26:04.446+01:00,116,210.34,1
50.0653,64,2021-11-06T13:41:18.331+01:00,3412,42.34,1
40.0148,4,2021-07-08T09:39:38.512+02:00,4067,47.14,1
50.0675,64,2021-11-08T08:22:17.877+01:00,8442,3,1
30.0378,4,2021-12-04T11:41:56.020+01:00,5452,115.22,1
50.0659,66,2021-12-21T12:15:14.265+01:00,9877,83.79,1
30.0085,2,2021-10-16T11:00:27.617+02:00,1279,33.24,1
40.0105,4,2021-04-21T09:50:09.457+02:00,5286,35.35,2
10.0095,2,2021-12-19T16:26:16.069+01:00,1899,4.57,1
50.0659,62,2021-12-24T12:22:10.169+01:00,4207,74.08,1
50.0647,64,2021-12-20T11:55:11.504+01:00,8793,91.61,1
30.0378,79,2021-10-08T13:05:37.519+02:00,80,21.59,3
30.0708,4,2021-12-10T16:26:07.780+01:00,1228,50.9,1
40.0160,2,2021-07-31T16:11:56.856+02:00,9265,17.85,1
10.0279,1,2021-10-25T11:28:50.794+02:00,4038,12.99,1
10.0279,3,2021-06-19T19:18:50.418+02:00,9116,19.71,3
70.0704,64,2021-12-07T16:22:21.288+01:00,2589,17.19,1
40.0105,2,2021-08-25T12:19:15.850+02:00,8422,62.72,3
30.0378,66,2021-11-23T14:44:48.389+01:00,1215,27.58,1
50.0600,93,2021-12-28T11:50:40.386+01:00,7537,19.13,1
40.0169,2,2021-11-19T13:46:16.325+01:00,4414,61.27,1
30.1722,4,2021-12-12T12:53:46.264+01:00,450,18.75,2
50.0674,64,2021-11-13T11:32:52.666+01:00,7660,67,1
10.0279,1,2021-10-29T12:52:33.495+02:00,5404,2.45,1
10.0279,1,2021-11-30T19:29:44.620+01:00,6287,8,2
30.0378,62,2021-12-11T14:56:48.463+01:00,4555,180.62,2
30.0708,4,2021-12-26T09:17:39.581+01:00,3047,34.91,3
30.0708,4,2021-12-17T15:17:53.828+01:00,1818,64.92,3
50.0660,64,2021-12-28T13:15:31.705+01:00,7653,163.72,11
10.0823,2,2021-12-15T15:57:46.385+01:00,2659,56.17,3
30.0378,64,2021-11-25T15:19:03.635+01:00,478,27.12,2
40.0127,3,2021-11-17T11:23:47.596+01:00,487,24.33,1
50.0668,66,2021-12-27T10:36:17.926+01:00,155,68.57,1
30.0085,2,2021-12-01T10:51:00.623+01:00,7335,38.84,1
30.0427,62,2021-12-04T10:29:22.109+01:00,1939,153.09,2
30.0419,62,2021-11-19T09:22:23.959+01:00,34,30.45,1
10.1403,2,2021-11-09T15:15:01.793+01:00,319,3.4,2
10.1403,2,2021-11-23T12:58:49.456+01:00,5824,8.89,3
30.0599,2,2021-12-06T13:12:21.251+01:00,3979,22.68,1
30.1797,64,2021-12-20T13:42:01.879+01:00,1314,75.4,1
40.0157,4,2021-06-17T17:01:40.647+02:00,4111,34.03,3
10.0279,1,2021-04-23T19:09:17.968+02:00,6490,18.93,1
30.0599,79,2021-12-07T14:41:03.900+01:00,849,-104.37,2
50.0458,96,2021-12-30T15:53:51.363+01:00,7440,105.71,1
30.1848,62,2021-12-21T11:23:37.315+01:00,936,26.99,1
30.0075,2,2021-12-24T13:00:18.041+01:00,8881,5.34,1
80.1299,1,2021-12-02T18:21:17.033+01:00,1775,15.68,1
10.0019,2,2021-10-08T15:15:46.730+02:00,2517,19.31,1
30.1722,6,2021-04-22T20:02:02.157+02:00,1285,87.88,1
50.0626,62,2021-12-24T13:32:12.607+01:00,5065,105.45,1
50.0640,93,2021-12-28T12:47:54.525+01:00,5822,113.36,1
30.1722,6,2021-12-26T10:41:22.585+01:00,5207,71.4,1
30.0378,79,2021-11-18T14:18:02.556+01:00,1167,-4.03,2
30.0378,79,2021-12-20T10:08:04.805+01:00,2124,2.77,1
30.0075,2,2021-08-28T11:44:25.241+02:00,3687,0,3
10.0279,3,2021-04-30T19:04:25.066+02:00,4578,10.4,1
30.0075,2,2021-05-13T09:42:00.187+02:00,4086,1.92,4
50.0633,64,2021-02-15T13:15:16.424+01:00,5649,239,13
50.0603,96,2021-12-16T12:11:45.657+01:00,7993,102.57,19
30.1853,3,2021-12-30T18:42:51.007+01:00,8511,35.16,3
30.0427,66,2021-11-27T12:14:57.304+01:00,213,10.63,1
10.1480,4,2021-09-09T10:31:05.760+02:00,6513,21.07,0
40.0105,6,2021-12-16T11:27:36.510+01:00,867,10.01,3
40.0105,6,2021-12-02T11:26:49.298+01:00,8826,22.19,1
50.0458,94,2021-02-13T15:06:36.017+01:00,9823,326.57,33
30.0572,62,2021-11-19T10:08:00.394+01:00,3048,8.28,1
30.0572,31,2021-11-22T12:43:24.892+01:00,359,30.1,1
40.0190,64,2021-12-30T14:37:46.939+01:00,7172,15.38,1
30.1797,66,2021-12-11T11:33:04.926+01:00,878,23.24,1
30.1797,66,2021-12-06T12:37:49.884+01:00,502,48.23,2
50.0659,64,2021-11-27T13:24:45.559+01:00,4506,22.29,1
30.1848,2,2021-12-08T10:32:26.755+01:00,601,20.34,1
50.0667,93,2021-12-28T11:48:35.079+01:00,3683,64.16,2
50.0624,64,2021-12-27T19:51:56.687+01:00,7279,13.59,2
40.0127,1,2021-12-31T15:03:02.006+01:00,914,26.44,1
50.0694,92,2021-12-29T15:29:42.865+01:00,4426,161.23,7
30.0427,3,2021-12-31T14:41:53.860+01:00,4473,28.94,1
50.0667,91,2021-12-17T18:02:57.261+01:00,4009,238.19,1
40.0105,4,2021-09-11T11:34:58.313+02:00,7687,115.04,1
10.0049,1,2021-10-30T18:38:32.275+02:00,1570,10.71,2
30.0431,62,2021-11-24T15:21:12.800+01:00,2508,90.71,1
40.0105,66,2021-12-28T17:10:33.240+01:00,3075,22.84,1
50.0659,64,2021-12-07T19:04:52.222+01:00,5438,20.74,1
10.0049,1,2021-12-02T20:04:02.061+01:00,9309,34.72,1
40.0105,4,2021-11-27T11:48:15.179+01:00,8459,136.5,1
30.1797,2,2021-12-04T13:58:48.374+01:00,437,22.35,1
30.1848,2,2021-12-08T15:55:27.537+01:00,730,63.52,1
40.0239,62,2021-12-15T16:08:56.438+01:00,6155,14.68,2
10.0095,2,2021-12-19T19:48:59.119+01:00,2065,4.44,1
70.0704,62,2021-11-16T15:30:27.037+01:00,8780,29.31,1
40.0127,50,2021-12-16T17:37:43.853+01:00,2697,8.19,1
10.1213,1,2021-11-21T14:45:58.611+01:00,4127,15.28,2
30.1848,2,2021-12-26T09:50:01.822+01:00,3708,38.4,2
50.0639,93,2021-10-28T17:39:20.634+02:00,7765,23.28,2
90.4005,49,2021-11-27T14:26:47.770+01:00,14,390.48,1
50.0639,93,2021-02-13T19:06:21.442+01:00,6471,379,26
40.0148,2,2021-12-20T13:09:30.196+01:00,480,19.76,3
90.4005,37,2021-12-21T17:30:00.236+01:00,125,155.08,3
90.4005,37,2021-12-18T16:40:53.791+01:00,119,358.49,15
10.0405,2,2021-12-16T14:45:22.540+01:00,9042,15.98,3
10.0405,2,2021-12-02T11:04:33.265+01:00,5205,7.92,3
30.0419,50,2021-12-28T16:14:24.665+01:00,4554,-62.1,2
40.0148,4,2021-10-27T11:40:44.171+02:00,2056,36.19,1
40.0148,4,2021-12-11T11:38:25.515+01:00,3417,76.89,6
50.0602,62,2021-12-15T19:25:19.528+01:00,6376,71.14,5
50.0602,62,2021-12-13T14:53:17.143+01:00,5914,64.97,3
40.0160,4,2021-04-30T19:56:32.144+02:00,1205,18.34,1
30.1848,2,2021-12-08T10:30:19.499+01:00,599,42.45,1
10.0571,2,2021-12-15T18:23:55.229+01:00,9098,1.63,1
10.0571,2,2021-12-28T13:29:52.565+01:00,5933,11.18,1
50.0626,92,2021-12-24T14:21:18.336+01:00,7887,61.4,1
80.1299,1,2021-09-04T14:54:57.515+02:00,3112,1.98,1
40.0146,64,2021-12-17T11:40:49.606+01:00,1437,70.33,1
40.0160,4,2021-07-24T18:42:16.669+02:00,7215,24.15,2
40.0001,94,2021-12-26T11:30:23.838+01:00,7091,47.61,1
50.0669,95,2021-07-16T18:35:20.111+02:00,1792,178.92,0
30.1848,64,2021-12-08T12:27:45.457+01:00,54,13.91,1
40.0169,2,2021-12-30T13:07:35.813+01:00,4106,26.92,1
40.0190,62,2021-12-29T12:49:48.897+01:00,5573,167.96,2
40.0239,64,2021-12-02T14:14:23.461+01:00,9340,88.15,1
50.0600,62,2021-12-27T11:32:19.955+01:00,1387,44.75,1
40.0105,2,2021-05-28T15:18:40.102+02:00,7985,56.58,1
30.1848,2,2021-12-26T10:17:37.663+01:00,3723,82.93,3
90.4005,37,2021-11-29T19:00:21.761+01:00,77,190.1,1
30.1797,2,2021-12-24T13:56:06.474+01:00,2241,160.85,1
10.0838,2,2021-12-10T19:06:34.693+01:00,2084,10.24,1
40.0287,51,2021-12-16T13:46:43.331+01:00,281,-17.34,2
30.0085,79,2021-12-11T16:42:21.856+01:00,2960,-7.79,2
30.1848,2,2021-12-20T15:57:24.557+01:00,2620,50.2,2
90.4005,37,2021-12-18T16:46:49.315+01:00,120,151.62,26
30.0419,2,2021-12-18T10:19:23.865+01:00,6037,101.05,1
80.1299,1,2021-08-05T13:50:32.830+02:00,3315,21.17,3
40.0169,2,2021-12-02T17:56:18.268+01:00,7290,82.6,1
50.0659,64,2021-11-26T15:09:43.556+01:00,4419,141.59,1
40.0105,2,2021-07-29T10:01:25.571+02:00,5523,12,2
